{"cameraMode":{"drawMode":0,"name":"Shaded","section":"Shading Mode"},"sceneLighting":false,"audioPlay":false,"sceneViewState":{"showFog":true,"showMaterialUpdate":false,"showSkybox":true,"showFlares":true,"showImageEffects":true,"showParticleSystems":true},"in2DMode":false,"pivot":{"x":118.99984741210938,"y":0.7343999743461609,"z":143.83633422851563},"rotation":{"x":-0.08840342611074448,"y":-0.784937858581543,"z":0.29582512378692629,"w":-0.5371637344360352},"size":3.201197385787964,"orthographic":false}