{"cameraMode":{"drawMode":0,"name":"Shaded","section":"Shading Mode"},"sceneLighting":false,"audioPlay":false,"sceneViewState":{"showFog":true,"showMaterialUpdate":false,"showSkybox":true,"showFlares":true,"showImageEffects":true,"showParticleSystems":true},"in2DMode":false,"pivot":{"x":119.57499694824219,"y":0.4855875074863434,"z":140.88540649414063},"rotation":{"x":-0.08840342611074448,"y":-0.784937858581543,"z":0.29582512378692629,"w":-0.5371637344360352},"size":2.605863094329834,"orthographic":false}