{"cameraMode":{"drawMode":0,"name":"Shaded","section":"Shading Mode"},"sceneLighting":false,"audioPlay":false,"sceneViewState":{"showFog":true,"showMaterialUpdate":false,"showSkybox":true,"showFlares":true,"showImageEffects":true,"showParticleSystems":true},"in2DMode":false,"pivot":{"x":117.69216918945313,"y":0.8081213235855103,"z":146.08868408203126},"rotation":{"x":-0.08840342611074448,"y":-0.784937858581543,"z":0.29582512378692629,"w":-0.5371637344360352},"size":2.516580581665039,"orthographic":false}