{"cameraMode":{"drawMode":0,"name":"Shaded","section":"Shading Mode"},"sceneLighting":false,"audioPlay":false,"sceneViewState":{"showFog":true,"showMaterialUpdate":false,"showSkybox":true,"showFlares":true,"showImageEffects":true,"showParticleSystems":true},"in2DMode":false,"pivot":{"x":-9.14310073852539,"y":-4.522627830505371,"z":5.648496627807617},"rotation":{"x":-0.164443239569664,"y":0.6646066904067993,"z":-0.15337835252285005,"w":-0.7125527858734131},"size":2.8578836917877199,"orthographic":false}