{"cameraMode":{"drawMode":0,"name":"Shaded","section":"Shading Mode"},"sceneLighting":false,"audioPlay":false,"sceneViewState":{"showFog":true,"showMaterialUpdate":false,"showSkybox":true,"showFlares":true,"showImageEffects":true,"showParticleSystems":true},"in2DMode":false,"pivot":{"x":119.98138427734375,"y":1.3200000524520875,"z":144.28086853027345},"rotation":{"x":-0.08840342611074448,"y":-0.784937858581543,"z":0.29582512378692629,"w":-0.5371637344360352},"size":4.368973255157471,"orthographic":false}