{"cameraMode":{"drawMode":0,"name":"Shaded","section":"Shading Mode"},"sceneLighting":false,"audioPlay":false,"sceneViewState":{"showFog":true,"showMaterialUpdate":false,"showSkybox":true,"showFlares":true,"showImageEffects":true,"showParticleSystems":true},"in2DMode":false,"pivot":{"x":87.38810729980469,"y":4.01146936416626,"z":172.4140625},"rotation":{"x":0.018934782594442369,"y":0.9709277153015137,"z":-0.22407561540603639,"w":0.08204331994056702},"size":1.339956283569336,"orthographic":false}