{"cameraMode":{"drawMode":0,"name":"Shaded","section":"Shading Mode"},"sceneLighting":false,"audioPlay":false,"sceneViewState":{"showFog":true,"showMaterialUpdate":false,"showSkybox":true,"showFlares":true,"showImageEffects":true,"showParticleSystems":true},"in2DMode":false,"pivot":{"x":119.87042236328125,"y":0.8508702516555786,"z":145.63966369628907},"rotation":{"x":-0.08840342611074448,"y":-0.784937858581543,"z":0.29582512378692629,"w":-0.5371637344360352},"size":3.3922784328460695,"orthographic":false}